id,nom,prenom,date,statut,operation
100,GARCIA,Maria,15/04/2026,OK,UPLOAD
101,SMITH,John,15/04/2026,FAIL,DOWNLOAD
102,DOE,Jane,15/04/2026,SUCCESS,LOGIN
104,TANAKA,Yuki,15/04/2026,PENDING,LOGIN
107,JULIE,Martin,15/04/2026,OK,UPDATE_PROFILE
108,GARCIA,Maria,15/04/2026,ERREUR,LOGIN
109,MULLER,Hans,15/04/2026,PENDING,UPLOAD
110,JULIE,Martin,16/04/2026,PENDING,LOGIN
111,JULIE,Martin,16/04/2026,PENDING,LOGOUT
113,GARCIA,Maria,16/04/2026,PENDING,LOGIN
114,GARCIA,Maria,16/04/2026,FAIL,DELETE_RECORD
117,JULIE,Martin,16/04/2026,OK,UPDATE_PROFILE
118,MULLER,Hans,16/04/2026,ERREUR,UPDATE_PROFILE
121,MULLER,Hans,17/04/2026,FAIL,UPDATE_PROFILE
122,TANAKA,Yuki,17/04/2026,SUCCESS,UPDATE_PROFILE
123,DUPONT,Jean,17/04/2026,PENDING,DOWNLOAD
124,DOE,Jane,17/04/2026,OK,LOGIN
125,DOE,Jane,17/04/2026,OK,DOWNLOAD
126,DOE,Jane,17/04/2026,SUCCESS,LOGOUT
128,JULIE,Martin,17/04/2026,PENDING,LOGOUT
129,TANAKA,Yuki,17/04/2026,ERREUR,DOWNLOAD
131,DUPONT,Jean,18/04/2026,ERREUR,UPDATE_PROFILE
132,MULLER,Hans,18/04/2026,WARNING,LOGOUT
136,TANAKA,Yuki,18/04/2026,PENDING,DELETE_RECORD
139,SMITH,John,18/04/2026,PENDING,UPDATE_PROFILE
141,DOE,Jane,19/04/2026,PENDING,UPDATE_PROFILE
143,SMITH,John,19/04/2026,PENDING,UPDATE_PROFILE
101,DOE,Jane,20/04/2026,SUCCESS,DOWNLOAD
102,GNONHOUE,Yves,20/04/2026,WARNING,DELETE_RECORD
103,DUPONT,Jean,20/04/2026,ERREUR,UPDATE_PROFILE
105,TANAKA,Yuki,20/04/2026,ERREUR,DELETE_RECORD
109,GNONHOUE,Yves,20/04/2026,WARNING,DOWNLOAD
110,GNONHOUE,Yves,21/04/2026,SUCCESS,DOWNLOAD
111,DOE,Jane,21/04/2026,FAIL,DOWNLOAD
113,GARCIA,Maria,21/04/2026,ERREUR,UPDATE_PROFILE
114,DUPONT,Jean,21/04/2026,WARNING,DOWNLOAD
116,MULLER,Hans,21/04/2026,OK,UPLOAD
118,GARCIA,Maria,21/04/2026,OK,LOGOUT
121,DOE,Jane,22/04/2026,SUCCESS,DELETE_RECORD
126,GARCIA,Maria,22/04/2026,SUCCESS,LOGIN
128,SMITH,John,22/04/2026,PENDING,LOGOUT
129,DOE,Jane,22/04/2026,ERREUR,UPLOAD
131,GARCIA,Maria,23/04/2026,WARNING,DELETE_RECORD
136,DUPONT,Jean,23/04/2026,FAIL,UPLOAD
137,TANAKA,Yuki,23/04/2026,SUCCESS,LOGIN
141,GNONHOUE,Yves,24/04/2026,PENDING,LOGOUT
142,SMITH,John,24/04/2026,FAIL,UPDATE_PROFILE
145,DUPONT,Jean,24/04/2026,FAIL,UPLOAD
147,TANAKA,Yuki,24/04/2026,WARNING,LOGOUT
148,MULLER,Hans,24/04/2026,ERREUR,DELETE_RECORD
100,GNONHOUE,Yves,25/04/2026,FAIL,DELETE_RECORD
101,DOE,Jane,25/04/2026,SUCCESS,LOGIN
103,JULIE,Martin,25/04/2026,OK,UPDATE_PROFILE
106,DOE,Jane,25/04/2026,ERREUR,LOGIN
108,DUPONT,Jean,25/04/2026,FAIL,DOWNLOAD
109,JULIE,Martin,25/04/2026,FAIL,UPLOAD
110,DOE,Jane,26/04/2026,ERREUR,DELETE_RECORD
112,JULIE,Martin,26/04/2026,OK,LOGIN
115,MULLER,Hans,26/04/2026,OK,DELETE_RECORD
116,DOE,Jane,26/04/2026,ERREUR,DELETE_RECORD
119,DUPONT,Jean,26/04/2026,WARNING,LOGOUT
121,DOE,Jane,27/04/2026,ERREUR,UPDATE_PROFILE
123,DUPONT,Jean,27/04/2026,PENDING,LOGOUT
126,MULLER,Hans,27/04/2026,SUCCESS,LOGIN
127,GNONHOUE,Yves,27/04/2026,PENDING,UPDATE_PROFILE
129,MULLER,Hans,27/04/2026,SUCCESS,UPLOAD
130,GNONHOUE,Yves,28/04/2026,FAIL,LOGOUT
131,DOE,Jane,28/04/2026,SUCCESS,DELETE_RECORD
132,JULIE,Martin,28/04/2026,PENDING,UPLOAD
133,MULLER,Hans,28/04/2026,FAIL,DELETE_RECORD
135,GNONHOUE,Yves,28/04/2026,OK,UPDATE_PROFILE
136,GARCIA,Maria,28/04/2026,WARNING,DOWNLOAD
140,MULLER,Hans,29/04/2026,SUCCESS,DELETE_RECORD
143,DOE,Jane,29/04/2026,ERREUR,UPDATE_PROFILE
144,DOE,Jane,29/04/2026,SUCCESS,LOGOUT
101,JULIE,Martin,30/04/2026,ERREUR,LOGOUT
103,GARCIA,Maria,30/04/2026,PENDING,DOWNLOAD
104,DOE,Jane,30/04/2026,PENDING,UPLOAD
105,DOE,Jane,30/04/2026,WARNING,LOGIN
107,MULLER,Hans,30/04/2026,SUCCESS,LOGOUT
111,GARCIA,Maria,01/05/2026,FAIL,DOWNLOAD
116,SMITH,John,01/05/2026,OK,DOWNLOAD
117,GARCIA,Maria,01/05/2026,WARNING,UPLOAD
121,TANAKA,Yuki,02/05/2026,OK,UPDATE_PROFILE
123,GARCIA,Maria,02/05/2026,FAIL,DELETE_RECORD
124,SMITH,John,02/05/2026,OK,DELETE_RECORD
126,SMITH,John,02/05/2026,SUCCESS,UPDATE_PROFILE
129,DUPONT,Jean,02/05/2026,OK,LOGOUT
130,JULIE,Martin,03/05/2026,PENDING,UPLOAD
134,GARCIA,Maria,03/05/2026,WARNING,UPDATE_PROFILE
135,SMITH,John,03/05/2026,WARNING,UPLOAD
137,MULLER,Hans,03/05/2026,FAIL,LOGIN
138,GNONHOUE,Yves,03/05/2026,ERREUR,LOGIN
139,JULIE,Martin,03/05/2026,PENDING,UPDATE_PROFILE
141,TANAKA,Yuki,04/05/2026,ERREUR,UPLOAD
143,JULIE,Martin,04/05/2026,FAIL,LOGOUT
102,SMITH,John,05/05/2026,PENDING,DELETE_RECORD
106,MULLER,Hans,05/05/2026,SUCCESS,DELETE_RECORD
107,DUPONT,Jean,05/05/2026,WARNING,DELETE_RECORD
109,DOE,Jane,05/05/2026,OK,UPLOAD
110,TANAKA,Yuki,06/05/2026,FAIL,LOGOUT
111,DUPONT,Jean,06/05/2026,ERREUR,LOGIN
113,GARCIA,Maria,06/05/2026,ERREUR,LOGIN
114,DOE,Jane,06/05/2026,PENDING,UPLOAD
119,MULLER,Hans,06/05/2026,WARNING,UPDATE_PROFILE
120,MULLER,Hans,07/05/2026,PENDING,DOWNLOAD
123,MULLER,Hans,07/05/2026,WARNING,UPDATE_PROFILE
124,TANAKA,Yuki,07/05/2026,PENDING,UPLOAD
128,DOE,Jane,07/05/2026,SUCCESS,DOWNLOAD
133,DUPONT,Jean,08/05/2026,OK,LOGIN
135,SMITH,John,08/05/2026,OK,DELETE_RECORD
136,DOE,Jane,08/05/2026,ERREUR,UPDATE_PROFILE
139,SMITH,John,08/05/2026,ERREUR,LOGIN
140,GARCIA,Maria,09/05/2026,ERREUR,UPDATE_PROFILE
143,SMITH,John,09/05/2026,FAIL,UPDATE_PROFILE
145,DUPONT,Jean,09/05/2026,SUCCESS,LOGOUT
147,GNONHOUE,Yves,09/05/2026,WARNING,UPDATE_PROFILE
149,JULIE,Martin,09/05/2026,ERREUR,LOGIN
